COD_PROG_CURRICULAR,PROG_CURRICULAR,SNIES
122,ESPECIALIDAD EN MEDICINA AEROESPACIAL,16952
123,ESPECIALIDAD EN MEDICINA FÍSICA Y REHABILITACIÓN,47
124,ESPECIALIDAD EN MEDICINA FORENSE,16953
125,ESPECIALIDAD EN MEDICINA INTERNA,48
126,ESPECIALIZACIÓN EN METEOROLOGÍA,16894
127,ESPECIALIDAD EN NEUMOLOGÍA CLÍNICA,65
128,ESPECIALIDAD EN NEUROCIRUGÍA,49
129,ESPECIALIDAD EN NEUROLOGÍA CLÍNICA,67
130,ESPECIALIDAD EN NEUROPEDIATRÍA,16954
131,ESPECIALIDAD EN OBSTETRICIA Y GINECOLOGÍA,46
132,ESPECIALIDAD EN OFTALMOLOGÍA,50
133,ESPECIALIDAD EN ONCOHEMATOLOGÍA PEDIÁTRICA,2606
134,ESPECIALIDAD EN ORTODONCIA Y ORTOPEDIA MAXILAR,106662
137,ESPECIALIDAD EN PATOLOGÍA ANATÓMICA Y CLÍNICA,66
138,ESPECIALIDAD EN PEDIATRÍA,55
140,ESPECIALIZACIÓN EN ESTUDIOS FEMINISTAS Y DE GÉNERO,55208
141,ESPECIALIDAD EN PSIQUIATRÍA,57
142,ESPECIALIDAD EN RADIOLOGÍA E IMÁGENES DIAGNÓSTICAS,58
143,ESPECIALIZACIÓN EN RECURSOS HIDRÁULICOS,78
144,ESPECIALIDAD EN REHABILITACIÓN ORAL,3992
145,ESPECIALIDAD EN REUMATOLOGÍA,59
146,ESPECIALIZACIÓN EN SALUD FAMILIAR INTEGRAL,20486
147,ESPECIALIZACIÓN EN SALUD OCUPACIONAL,55027
149,ESPECIALIZACIÓN EN TRADUCCIÓN,16740
151,ESPECIALIDAD EN UROLOGÍA,60
152,MAESTRÍA EN ADMINISTRACIÓN,19921
152,MAESTRÍA EN ADMINISTRACIÓN,101987
152,MAESTRÍA EN ADMINISTRACIÓN,17906
155,MAESTRÍA EN ARTES PLÁSTICAS Y VISUALES,55143
155,MAESTRÍA EN ARTES PLÁSTICAS Y VISUALES,16889
157,MAESTRÍA EN BIOQUÍMICA,19915
158,MAESTRÍA EN CIENCIAS AGRARIAS,20488
158,MAESTRÍA EN CIENCIAS AGRARIAS,16884
158,MAESTRÍA EN CIENCIAS AGRARIAS,19887
159,MAESTRÍA EN CIENCIAS - BIOLOGíA,90822
159,MAESTRÍA EN CIENCIAS - BIOLOGíA,2449
160,MAESTRÍA EN BIOQUÍMICA,2603
161,MAESTRÍA EN CIENCIAS - ESTADÍSTICA,104
161,MAESTRÍA EN CIENCIAS - ESTADÍSTICA,140
162,MAESTRÍA EN CIENCIAS FARMACÉUTICAS,19904
167,MAESTRÍA EN CIENCIAS - METEOROLOGÍA,19903
168,MAESTRÍA EN CIENCIAS - QUÍMICA,108
168,MAESTRÍA EN CIENCIAS - QUÍMICA,19888
169,MAESTRÍA EN CONSTRUCCIÓN,110722
169,MAESTRÍA EN CONSTRUCCIÓN,16890
169,MAESTRÍA EN CONSTRUCCIÓN,91523
171,MAESTRÍA EN CIENCIAS ECONÓMICAS,4063
171,MAESTRÍA EN CIENCIAS ECONÓMICAS,2503
172,MAESTRÍA EN ENFERMERÍA,89
174,MAESTRÍA EN ESTUDIOS DE GÉNERO ÁREA MUJER Y DESARROLLO,106671
175,MAESTRÍA EN ESTUDIOS POLÍTICOS,19908
175,MAESTRÍA EN ESTUDIOS POLÍTICOS,101797
176,MAESTRÍA EN CIENCIAS - FARMACOLOGÍA,109
177,MAESTRÍA EN FILOSOFÍA,92
179,MAESTRÍA EN GENÉTICA HUMANA,87
180,MAESTRÍA EN INGENIERÍA - GEOTECNIA,19864
180,MAESTRÍA EN INGENIERÍA - GEOTECNIA,100
181,MAESTRÍA EN HABITAT,19863
181,MAESTRÍA EN HABITAT,19923
181,MAESTRÍA EN HABITAT,16891
182,MAESTRÍA EN HISTORIA,91
182,MAESTRÍA EN HISTORIA,135
183,"MAESTRÍA EN HISTORIA Y TEORÍA DEL ARTE, LA ARQUITECTURA Y LA CIUDAD",106675
184,MAESTRÍA EN INFECCIONES Y SALUD EN EL TRÓPICO,19918
185,MAESTRÍA EN INGENIERÍA - INGENIERÍA AGRÍCOLA,19914
186,MAESTRÍA EN INGENIERÍA - INGENIERÍA AMBIENTAL,91335
186,MAESTRÍA EN INGENIERÍA - INGENIERÍA AMBIENTAL,103154
186,MAESTRÍA EN INGENIERÍA - INGENIERÍA AMBIENTAL,19912
187,MAESTRÍA EN INGENIERÍA - INGENIERÍA DE SISTEMAS,106674
187,MAESTRÍA EN INGENIERÍA - INGENIERÍA DE SISTEMAS,136
188,MAESTRÍA EN INGENIERÍA - INGENIERÍA ELÉCTRICA,101467
188,MAESTRÍA EN INGENIERÍA - INGENIERÍA ELÉCTRICA,101582
188,MAESTRÍA EN INGENIERÍA - INGENIERÍA ELÉCTRICA,95
189,MAESTRÍA EN INGENIERÍA - INGENIERÍA QUÍMICA,19866
189,MAESTRÍA EN INGENIERÍA - INGENIERÍA QUÍMICA,19926
189,MAESTRÍA EN INGENIERÍA - INGENIERÍA QUÍMICA,96
190,MAESTRÍA EN LINGÜÍSTICA,93
CNI,CURSOS NIVELATORIOS,0
192,MAESTRÍA EN MEDIO AMBIENTE Y DESARROLLO,19925
192,MAESTRÍA EN MEDIO AMBIENTE Y DESARROLLO,19867
192,MAESTRÍA EN MEDIO AMBIENTE Y DESARROLLO,19909
193,MAESTRÍA EN CIENCIAS - MICROBIOLOGÍA,106
194,MAESTRÍA EN INGENIERÍA - RECURSOS HIDRÁULICOS,99
194,MAESTRÍA EN INGENIERÍA - RECURSOS HIDRÁULICOS,137
194,MAESTRÍA EN INGENIERÍA - RECURSOS HIDRÁULICOS,104319
195,MAESTRÍA EN SALUD PÚBLICA,88
196,MAESTRÍA EN SALUD Y PRODUCCIÓN ANIMAL,86
197,MAESTRÍA EN PSICOLOGÍA,19907
198,MAESTRÍA EN SOCIOLOGÍA,90
199,MAESTRÍA EN TOXICOLOGÍA,19919
200,MAESTRÍA EN INGENIERÍA - TRANSPORTES,97
201,MAESTRÍA EN URBANISMO,103
203,MAESTRÍA EN INGENIERÍA - TELECOMUNICACIONES,19913
208,ESPECIALIZACIÓN EN DISEÑO URBANO,19962
208,ESPECIALIZACIÓN EN DISEÑO URBANO,19970
302,MAESTRÍA EN CONSERVACIÓN DEL PATRIMONIO CULTURAL INMUEBLE,52733
303,MAESTRÍA EN FOTOGRAFÍA CINEMATOGRÁFICA,52736
022,ZOOTECNIA,143
022,ZOOTECNIA,3
022,ZOOTECNIA,16926
191,ESPECIALIZACIÓN EN ANÁLISIS ESPACIAL,53267
322,DOCTORADO EN ESTUDIOS POLÍTICOS Y RELACIONES INTERNACIONALES,53274
301,MAESTRÍA EN DISEÑO URBANO,52976
341,ESPECIALIDAD EN PERIODONCIA,55024
344,ESPECIALIZACIÓN EN ADMINISTRACIÓN EN SALUD PÚBLICA,55150
285,MAESTRÍA EN SALUD Y SEGURIDAD EN EL TRABAJO,52749
276,ESPECIALIZACIÓN EN ANIMACIÓN,52972
312,MAESTRÍA EN MEDICINA ALTERNATIVA,52980
INT,INTERNADO,0
340,ESPECIALIDAD EN ENDODONCIA,55147
346,MAESTRÍA EN ESTUDIOS POLÍTICOS LATINOAMERICANOS,55023
224,MAESTRÍA EN INGENIERÍA - MATERIALES Y PROCESOS,19865
224,MAESTRÍA EN INGENIERÍA - MATERIALES Y PROCESOS,106664
069,DOCTORADO EN CIENCIAS - BIOLOGÍA,19892
069,DOCTORADO EN CIENCIAS - BIOLOGÍA,90821
070,DOCTORADO EN CIENCIAS ECONÓMICAS,19895
071,DOCTORADO EN CIENCIAS - ESTADÍSTICA,106673
071,DOCTORADO EN CIENCIAS - ESTADÍSTICA,19893
072,DOCTORADO EN CIENCIAS FARMACÉUTICAS,19894
073,DOCTORADO EN CIENCIAS - FÍSICA,107445
073,DOCTORADO EN CIENCIAS - FÍSICA,112
073,DOCTORADO EN CIENCIAS - FÍSICA,55126
074,DOCTORADO EN CIENCIAS - MATEMÁTICAS,2505
074,DOCTORADO EN CIENCIAS - MATEMÁTICAS,106343
075,DOCTORADO EN CIENCIAS - QUÍMICA,111
077,DOCTORADO EN FILOSOFÍA,110
078,DOCTORADO EN HISTORIA,19896
078,DOCTORADO EN HISTORIA,19860
079,DOCTORADO EN INGENIERÍA - INGENIERÍA ELÉCTRICA,51674
080,DOCTORADO EN INGENIERÍA - INGENIERÍA QUÍMICA,101983
080,DOCTORADO EN INGENIERÍA - INGENIERÍA QUÍMICA,51676
082,ESPECIALIZACIÓN EN GEOTECNIA,75
082,ESPECIALIZACIÓN EN GEOTECNIA,4128
086,ESPECIALIDAD EN ANESTESIOLOGÍA Y REANIMACIÓN,64
087,ESPECIALIZACIÓN EN ANTROPOLOGÍA FORENSE,16944
088,ESPECIALIZACIÓN EN ASTRONOMÍA,16893
089,ESPECIALIZACIÓN EN AUTOMATIZACIÓN INDUSTRIAL,16945
089,ESPECIALIZACIÓN EN AUTOMATIZACIÓN INDUSTRIAL,16917
091,ESPECIALIZACIÓN EN CIENCIA Y TECNOLOGÍA DE ALIMENTOS,2706
091,ESPECIALIZACIÓN EN CIENCIA Y TECNOLOGÍA DE ALIMENTOS,79
092,ESPECIALIZACIÓN EN CIENCIAS FÍSICA,54033
093,ESPECIALIDAD EN CIRUGÍA GENERAL,38
094,ESPECIALIDAD EN CIRUGÍA ORAL Y MAXILOFACIAL,16946
095,ESPECIALIDAD EN CIRUGÍA PEDIÁTRICA,39
231,DOCTORADO EN SALUD PÚBLICA,19899
236,MAESTRÍA EN GEOMÁTICA,19930
251,MAESTRÍA EN CIENCIAS - MATEMÁTICA APLICADA,20487
251,MAESTRÍA EN CIENCIAS - MATEMÁTICA APLICADA,106676
251,MAESTRÍA EN CIENCIAS - MATEMÁTICA APLICADA,55139
248,ESPECIALIZACIÓN EN MUSICOTERAPIA,21557
240,ESPECIALIZACIÓN EN ANÁLISIS DE POLÍTICAS PÚBLICAS,21563
247,MAESTRÍA EN ESTUDIOS LITERARIOS,21556
249,ESPECIALIZACIÓN EN TERAPIA MIOFUNCIONAL Y DISFAGIA,21559
253,MAESTRÍA EN EPIDEMIOLOGÍA CLÍNICA,21560
255,ESPECIALIZACIÓN EN CALIDAD DE LA ENERGÍA,51677
256,ESPECIALIZACIÓN EN ILUMINACIÓN PÚBLICA Y PRIVADA,51682
257,ESPECIALIZACIÓN EN INGENIERÍA ELÉCTRICA - ELECTRÓNICA,51684
258,ESPECIALIZACIÓN EN INGENIERÍA - CONTROL,51683
280,DOCTORADO EN INGENIERÍA - CIENCIA Y TECNOLOGÍA DE MATERIALES,53272
280,DOCTORADO EN INGENIERÍA - CIENCIA Y TECNOLOGÍA DE MATERIALES,52751
262,ESPECIALIZACIÓN EN GESTIÓN Y GERENCIA DE PROYECTOS AGROPECUARIOS,51681
263,ESPECIALIDAD EN GERIATRÍA,21562
265,MAESTRÍA EN ESTUDIOS CULTURALES,51686
268,ESPECIALIZACIÓN EN ESCRITURAS CREATIVAS,51679
269,DOCTORADO EN INGENIERÍA - GEOTECNIA,51675
POS,PROGRAMA CURSOS EN POSGRADO,0
275,ESPECIALIZACIÓN EN CULTIVOS PERENNES INDUSTRIALES,52730
050,INGENIERÍA MECATRÓNICA,108086
050,INGENIERÍA MECATRÓNICA,16939
PEL,PROGRAMA ELECTIVAS,0
002,PSICOLOGÍA,14
003,MATEMÁTICAS,35
003,MATEMÁTICAS,129
003,MATEMÁTICAS,16916
005,BIOLOGÍA,108081
005,BIOLOGÍA,0
005,BIOLOGÍA,31
006,CONTADURIA PÚBLICA,16895
339,MAESTRÍA EN POLÍTICAS PÚBLICAS,55022
007,ESTADÍSTICA,32
007,ESTADÍSTICA,16920
007,ESTADÍSTICA,108082
007,ESTADÍSTICA,116559
008,FILOSOFÍA,20
009,GEOLOGÍA,34
010,MEDICINA,9
011,NUTRICIÓN Y DIETÉTICA,10
012,ENFERMERÍA,7
013,FONOAUDIOLOGÍA,3102
014,INGENIERÍA CIVIL,117
014,INGENIERÍA CIVIL,4121
014,INGENIERÍA CIVIL,25
284,"MAESTRÍA EN PSICOANÁLISIS, SUBJETIVIDAD Y CULTURA (DE FREUD A LACAN)",52979
333,MAESTRÍA EN ENSEÑANZA DE LAS CIENCIAS EXACTAS Y NATURALES,55140
333,MAESTRÍA EN ENSEÑANZA DE LAS CIENCIAS EXACTAS Y NATURALES,55145
333,MAESTRÍA EN ENSEÑANZA DE LAS CIENCIAS EXACTAS Y NATURALES,55136
333,MAESTRÍA EN ENSEÑANZA DE LAS CIENCIAS EXACTAS Y NATURALES,55144
342,DOCTORADO EN CIENCIAS HUMANAS Y SOCIALES,55129
342,DOCTORADO EN CIENCIAS HUMANAS Y SOCIALES,55130
351,DOCTORADO EN INGENIERÍA - INDUSTRIA Y ORGANIZACIONES,55184
351,DOCTORADO EN INGENIERÍA - INDUSTRIA Y ORGANIZACIONES,55182
351,DOCTORADO EN INGENIERÍA - INDUSTRIA Y ORGANIZACIONES,55183
287,MAESTRÍA EN NEUROCIENCIAS,52743
288,ESPECIALIZACIÓN EN ALIMENTACIÓN Y NUTRICIÓN EN PROMOCIÓN DE LA SALUD,52748
289,MAESTRÍA EN INGENIERÍA MECÁNICA,52738
289,MAESTRÍA EN INGENIERÍA MECÁNICA,55152
290,MAESTRÍA EN INGENIERÍA INDUSTRIAL,55151
290,MAESTRÍA EN INGENIERÍA INDUSTRIAL,52740
290,MAESTRÍA EN INGENIERÍA INDUSTRIAL,101984
291,DOCTORADO EN INGENIERÍA - SISTEMAS Y COMPUTACIÓN,52729
292,MAESTRÍA EN ARQUITECTURA DE LA VIVIENDA,52732
293,MAESTRÍA INTERDISCIPLINARIA EN TEATRO Y ARTES VIVAS,52744
294,MAESTRÍA EN MUSEOLOGÍA Y GESTIÓN DEL PATRIMONIO,52741
295,MAESTRÍA EN ORDENAMIENTO URBANO-REGIONAL,52747
296,ESPECIALIZACIÓN EN INSTRUMENTOS DE ORDENAMIENTO URBANO - REGIONAL,52745
298,ESPECIALIZACIÓN EN FOTOGRAFÍA,52731
299,MAESTRÍA EN DIRECCIÓN SINFÓNICA,52734
300,MAESTRÍA EN DISEÑO MULTIMEDIA,52735
241,ESPECIALIZACIÓN EN PEDAGOGÍA DEL DISEÑO,53264
338,MAESTRÍA EN MORFOLOGÍA HUMANA,55138
356,MAESTRÍA EN FISIOTERAPIA DEL DEPORTE Y LA ACTIVIDAD FÍSICA,91522
357,MAESTRÍA EN COMUNICACIÓN Y MEDIOS,54576
359,MAESTRÍA EN CONTABILIDAD Y FINANZAS,101794
362,DOCTORADO EN CIENCIAS - BIOQUÍMICA,101982
363,MAESTRÍA EN MUSICOLOGÍA,101798
364,MAESTRÍA EN EDUCACIÓN ARTÍSTICA,101795
365,MAESTRÍA EN INGENIERÍA - INGENIERÍA ELECTRÓNICA,101796
369,DOCTORADO EN PSICOLOGÍA,103196
371,DOCTORADO EN INGENIERÍA - INGENIERÍA CIVIL,102864
371,DOCTORADO EN INGENIERÍA - INGENIERÍA CIVIL,102832
371,DOCTORADO EN INGENIERÍA - INGENIERÍA CIVIL,106344
372,INGENIERÍA  DE SISTEMAS Y COMPUTACIÓN,106661
DTS,CRÉDITOS PRIMER PLAN PARA DOBLE TITULACIÓN,0
375,ESPECIALIDAD EN RADIOLOGÍA PEDIÁTRICA,104924
377,MAESTRÍA EN CIENCIA Y TECNOLOGÍA DE ALIMENTOS,52753
377,MAESTRÍA EN CIENCIA Y TECNOLOGÍA DE ALIMENTOS,55148
379,MAESTRÍA EN CIENCIAS AGRARIAS,19887
379,MAESTRÍA EN CIENCIAS AGRARIAS,16884
380,MAESTRÍA EN GEOMÁTICA,19930
015,INGENIERÍA ELÉCTRICA,4122
015,INGENIERÍA ELÉCTRICA,120
015,INGENIERÍA ELÉCTRICA,27
016,INGENIERÍA MECÁNICA,122
016,INGENIERÍA MECÁNICA,28
017,INGENIERÍA QUÍMICA,123
017,INGENIERÍA QUÍMICA,29
017,INGENIERÍA QUÍMICA,4125
018,ODONTOLOGÍA,11
019,QUÍMICA,36
019,QUÍMICA,117010
020,FISIOTERAPIA,8
021,TERAPIA OCUPACIONAL,12
024,ECONOMÍA,114
024,ECONOMÍA,18
025,INGENIERÍA AGRÍCOLA,0
025,INGENIERÍA AGRÍCOLA,24
025,INGENIERÍA AGRÍCOLA,144
025,INGENIERÍA AGRÍCOLA,116
026,SOCIOLOGÍA,16
027,ANTROPOLOGÍA,13
027,ANTROPOLOGÍA,0
028,TRABAJO SOCIAL,15
029,CIENCIA POLÍTICA,16924
029,CIENCIA POLÍTICA,3140
030,DERECHO,17
033,INGENIERÍA DE SISTEMAS,26
034,FARMACIA,37
035,ESTUDIOS LITERARIOS,106654
036,CINE Y TELEVISIÓN,6
037,FILOLOGÍA E IDIOMAS,23
038,HISTORIA,21
038,HISTORIA,115
039,GEOGRAFÍA,0
039,GEOGRAFÍA,3103
039,GEOGRAFÍA,108083
042,MÚSICA,3100
043,MÚSICA INSTRUMENTAL,3101
044,ESPAÑOL Y FILOLOGÍA CLÁSICA,54036
045,INGENIERÍA ELECTRÓNICA,16941
045,INGENIERÍA ELECTRÓNICA,4123
046,LINGÜÍSTICA,16938
047,ARTES PLÁSTICAS,16919
047,ARTES PLÁSTICAS,2497
166,MAESTRÍA EN CIENCIAS - MATEMÁTICAS,141
166,MAESTRÍA EN CIENCIAS - MATEMÁTICAS,107
067,DOCTORADO EN CIENCIAS - SALUD ANIMAL O PRODUCCIÓN ANIMAL,106670
084,ESPECIALIZACIÓN EN ACTUARÍA,2602
085,ESPECIALIDAD EN ANATOMOPATOLOGÍA VETERINARIA,16943
090,ESPECIALIZACIÓN EN ENFERMERÍA CARDIORRESPIRATORIA,54030
098,ESPECIALIZACIÓN EN DERECHO PRIVADO ECONÓMICO,106653
099,ESPECIALIDAD EN DERMATOLOGÍA,41
100,ESPECIALIZACIÓN EN DESARROLLO RURAL,16885
102,ESPECIALIZACIÓN EN ECONOMÍA PÚBLICA Y GESTIÓN PÚBLICA,0
104,ESPECIALIZACIÓN EN ESTADÍSTICA,85
104,ESPECIALIZACIÓN EN ESTADÍSTICA,106960
104,ESPECIALIZACIÓN EN ESTADÍSTICA,134
105,ESPECIALIDAD EN ESTOMATOLOGÍA PEDIÁTRICA Y ORTOPEDIA MAXILAR,54031
106,ESPECIALIZACIÓN EN ESTRUCTURAS,3194
106,ESPECIALIZACIÓN EN ESTRUCTURAS,55190
106,ESPECIALIZACIÓN EN ESTRUCTURAS,80
108,ESPECIALIDAD EN GASTROENTEROLOGÍA,45
109,ESPECIALIDAD EN HEMATOLOGÍA,16955
110,ESPECIALIZACIÓN EN HORTICULTURA,16886
111,ESPECIALIDAD EN INFECTOLOGÍA,16949
115,ESPECIALIZACIÓN EN DERECHO DE FAMILIA,2605
354,MAESTRÍA EN ESTUDIOS POLÍTICOS,19908
116,ESPECIALIZACIÓN EN DERECHO DEL TRABAJO,69
117,ESPECIALIZACIÓN EN INSTITUCIONES JURÍDICO-PENALES,71
118,ESPECIALIZACIÓN EN DERECHO ADMINISTRATIVO,70
119,ESPECIALIZACIÓN EN INSTITUCIONES JURÍDICO-PROCESALES,16950
121,ESPECIALIZACIÓN EN ENFERMERÍA MATERNO PERINATAL,63
420,DOCTORADO EN CIENCIAS - ASTRONOMÍA,106962
421,MAESTRÍA EN GOBIERNO URBANO,106963
422,MAESTRÍA EN INGENIERÍA - ANALÍTICA,106954
423,ESPECIALIZACIÓN EN BIONEGOCIOS,106957
424,ESPECIALIZACIÓN EN BIOINGENIERÍA,106959
425,ESPECIALIZACIÓN ACTUARÍA Y FINANZAS,106961
426,ESPECIALIZACIÓN EN ECONOMÍA DE LA CULTURA,106956
374,MAESTRÍA EN ACTUARÍA Y FINANZAS,102866
378,INGENIERÍA AGRONÓMICA,113
378,INGENIERÍA AGRONÓMICA,1
PES,PROGRAMA ESPECIAL,0
076,DOCTORADO EN ENFERMERÍA,19897
097,ESPECIALIZACIÓN EN DERECHO CONSTITUCIONAL,16947
103,ESPECIALIDAD EN ENDOCRINOLOGÍA,61
107,ESPECIALIZACIÓN EN FARMACOLOGÍA,84
114,ESPECIALIZACIÓN EN INSTITUCIONES JURÍDICAS DE LA SEGURIDAD SOCIAL,16951
120,ESPECIALIZACIÓN EN MATEMÁTICA AVANZADA,133
120,ESPECIALIZACIÓN EN MATEMÁTICA AVANZADA,81
101,ESPECIALIZACIÓN EN SISTEMAS,16936
335,ESPECIALIZACIÓN EN INGENIERÍA HIDRÁULICA Y AMBIENTAL,55135
218,ESPECIALIZACIÓN EN ECONOMÍA INTERNACIONAL,2507
225,ESPECIALIZACIÓN EN VÍAS Y TRANSPORTE,19969
225,ESPECIALIZACIÓN EN VÍAS Y TRANSPORTE,2506
212,MAESTRÍA EN CIENCIAS - BIOTECNOLOGÍA,110723
212,MAESTRÍA EN CIENCIAS - BIOTECNOLOGÍA,106668
D01,DOCTORADO EN BIOTECNOLOGÍA (066),52728
D26,DOCTORADO EN CIENCIAS BIOMÉDICAS (313),52750
244,ESPECIALIZACIÓN EN MANEJO Y CONSERVACIÓN DE SUELOS Y AGUAS,16908
273,MAESTRÍA EN INGENIERÍA - INFRAESTRUCTURA Y SISTEMAS DE TRANSPORTE,103556
273,MAESTRÍA EN INGENIERÍA - INFRAESTRUCTURA Y SISTEMAS DE TRANSPORTE,52737
306,MAESTRÍA EN ESTUDIOS DEL CARIBE,19891
366,MAESTRÍA EN INGENIERÍA - RECURSOS MINERALES,102077
390,ESPECIALIZACIÓN EN ALTA GERENCIA,103822
400,DOCTORADO EN CIENCIA Y TECNOLOGÍA DE ALIMENTOS,106346
400,DOCTORADO EN CIENCIA Y TECNOLOGÍA DE ALIMENTOS,106334
400,DOCTORADO EN CIENCIA Y TECNOLOGÍA DE ALIMENTOS,106348
392,ESPECIALIZACIÓN EN MANTENIMIENTO,104790
328,MAESTRÍA EN COMUNICACIÓN Y MEDIOS,
PAM,PROGRAMA ESPECIAL DE ADMISIÓN Y MOVILIDAD,0
386,MAESTRÍA EN SEGURIDAD ALIMENTARIA Y NUTRICIONAL,103551
326,ESPECIALIZACIÓN ACCIÓN SIN DAÑO Y CONSTRUCCIÓN DE PAZ,54577
041,DISEÑO GRÁFICO,4
096,ESPECIALIDAD EN CIRUGÍA PLÁSTICA,40
153,MAESTRÍA EN ANTROPOLOGÍA,3909
345,DOCTORADO EN GEOCIENCIAS,55124
277,DOCTORADO EN ARTE Y ARQUITECTURA,52727
278,MAESTRÍA EN ESCRITURAS CREATIVAS,52746
282,MAESTRÍA EN EDUCACIÓN,52978
416,MAESTRÍA EN INTERPRETACIÓN Y PEDAGOGÍA INSTRUMENTAL,106672
229,DOCTORADO EN INGENIERÍA - AUTOMÁTICA,20493
355,DOCTORADO EN CIENCIAS DEL MAR,55146
148,ESPECIALIZACIÓN EN PSICOLOGÍA Y SALUD,
205,ESPECIALIZACIÓN EN GESTIÓN AMBIENTAL,16932
206,MAESTRÍA EN BOSQUES Y CONSERVACIÓN AMBIENTAL,142
207,ESPECIALIZACIÓN EN MANEJO DE PLANTACIONES FORESTALES,
209,ESPECIALIZACIÓN EN PLANEACIÓN URBANO-REGIONAL,131
210,MAESTRÍA EN ESTUDIOS URBANO - REGIONALES,139
211,ESPECIALIZACIÓN EN ÓPTICA TÉCNICA,
213,ESPECIALIZACIÓN EN BIOTECNOLOGÍA,16907
213,ESPECIALIZACIÓN EN BIOTECNOLOGÍA,16927
214,MAESTRÍA EN CIENCIAS - ENTOMOLOGÍA,2501
215,ESPECIALIZACIÓN EN ENTOMOLOGÍA,2500
279,MAESTRÍA EN INGENIERÍA ADMINISTRATIVA,52752
309,MAESTRÍA EN CIENCIA Y TECNOLOGÍA DE ALIMENTOS,52753
234,ESPECIALIZACIÓN EN DIVULGACIÓN Y APROPIACIÓN DE LAS CIENCIAS Y LAS TÉCNICAS,55028
064,INGENIERÍA AGROINDUSTRIAL,16904
334,ESPECIALIZACIÓN EN AUDITORÍA DE SISTEMAS,55025
336,ESPECIALIZACIÓN EN GERENCIA ESTRATÉGICA DE PROYECTOS,55134
310,ESPECIALIZACIÓN EN ESTUDIOS AMAZÓNICOS,20491
314,MAESTRÍA EN ESTUDIOS AMAZÓNICOS,19920
216,ESPECIALIZACIÓN EN GEOMORFOLOGÍA DE SUELOS,
217,ESPECIALIZACIÓN EN CIENCIA POLÍTICA,16928
219,MAESTRÍA EN ESTÉTICA,2504
220,ESPECIALIZACIÓN EN ESTÉTICA,16929
221,ESPECIALIZACIÓN EN APROVECHAMIENTO DE RECURSOS HIDRÁULICOS,132
222,MAESTRÍA EN APROVECHAMIENTO DE RECURSOS HIDRÁULICOS,
223,MAESTRÍA EN CIENCIA Y TÉCNICA DEL CARBÓN,
226,ESPECIALIZACIÓN EN GERENCIA ORGANIZACIONAL,
227,ESPECIALIZACIÓN EN INGENIERÍA DE LA ADMINISTRACIÓN,
228,ESPECIALIZACIÓN EN MERCADOS DE ENERGÍA,19971
235,ESPECIALIZACIÓN EN GESTIÓN DE PROYECTOS DE DESARROLLO AGROINDUSTRIAL,20492
232,ESPECIALIZACIÓN EN GESTIÓN AGROAMBIENTAL,16931
233,ESPECIALIZACIÓN EN INGENIERÍA FINANCIERA,16933
233,ESPECIALIZACIÓN EN INGENIERÍA FINANCIERA,52975
237,ESPECIALIZACIÓN EN GESTIÓN INMOBILIARIA,21555
D02,DOCTORADO EN CIENCIAS - SALUD ANIMAL O PRODUCCIÓN ANIMAL (067),106670
D03,DOCTORADO EN CIENCIAS AGROPECUARIAS - ÁREA AGRARIA (068),16887
D03,DOCTORADO EN CIENCIAS AGROPECUARIAS - ÁREA AGRARIA (068),51672
D03,DOCTORADO EN CIENCIAS AGROPECUARIAS - ÁREA AGRARIA (068),19859
D04,DOCTORADO EN CIENCIAS - BIOLOGÍA (069),19892
D05,DOCTORADO EN CIENCIAS ECONÓMICAS (070),19895
D06,DOCTORADO EN CIENCIAS - ESTADÍSTICA (071),19893
D06,DOCTORADO EN CIENCIAS - ESTADÍSTICA (071),106673
D07,DOCTORADO EN CIENCIAS FARMACÉUTICAS (072),19894
D08,DOCTORADO EN CIENCIAS - FÍSICA (073),112
D09,DOCTORADO EN CIENCIAS - MATEMÁTICAS (074),2604
D09,DOCTORADO EN CIENCIAS - MATEMÁTICAS (074),2505
D10,DOCTORADO EN CIENCIAS - QUÍMICA (075),111
D11,DOCTORADO EN ENFERMERÍA (076),19897
D12,DOCTORADO EN FILOSOFÍA (077),110
D13,DOCTORADO EN HISTORIA (078),19860
D13,DOCTORADO EN HISTORIA (078),19896
D14,DOCTORADO EN INGENIERÍA - INGENIERÍA ELÉCTRICA (079),51674
D15,DOCTORADO EN INGENIERÍA - INGENIERÍA QUÍMICA (080),51676
D16,DOCTORADO EN INGENIERÍA - AUTOMÁTICA (229),2499
D16,DOCTORADO EN INGENIERÍA - AUTOMÁTICA (229),20493
D17,DOCTORADO EN SALUD PÚBLICA (231),19899
D18,DOCTORADO EN INGENIERÍA - GEOTECNIA (269),51675
D19,DOCTORADO EN INGENIERÍA - SISTEMAS ENERGÉTICOS (270),51671
D20,DOCTORADO EN INGENIERÍA - SISTEMAS (271),51669
D21,DOCTORADO EN INGENIERÍA - RECURSOS HIDRÁULICOS (272),51670
D22,DOCTORADO EN ARTE Y ARQUITECTURA (277),52727
D23,DOCTORADO EN INGENIERÍA - CIENCIA Y TECNOLOGÍA DE MATERIALES (280),53272
D23,DOCTORADO EN INGENIERÍA - CIENCIA Y TECNOLOGÍA DE MATERIALES (280),52751
D24,DOCTORADO EN INGENIERÍA - SISTEMAS Y COMPUTACIÓN (291),52729
D25,DOCTORADO EN GEOGRAFÍA (305),53273
D27,DOCTORADO EN ESTUDIOS POLÍTICOS Y RELACIONES INTERNACIONALES (322),53274
239,MAESTRÍA EN CIENCIAS - GEOMORFOLOGÍA Y SUELOS,106669
242,ESPECIALIZACIÓN EN TECNOLOGÍA DE SEMILLAS,16910
243,ESPECIALIZACIÓN EN AGROECOLOGÍA,16906
250,MAESTRÍA EN CIENCIAS BIOLÓGICAS,105570
246,ESPECIALIZACIÓN EN GESTIÓN EMPRESARIAL,21554
252,ESPECIALIZACIÓN EN NUTRICIÓN ANIMAL,21553
337,DOCTORADO EN AGROECOLOGÍA,55131
264,ESPECIALIZACIÓN EN DIRECCIÓN DE PRODUCCIÓN Y OPERACIONES,51673
270,DOCTORADO EN INGENIERÍA - SISTEMAS ENERGÉTICOS,51671
311,ESPECIALIZACIÓN EN GESTIÓN DE REDES Y DATOS,52755
051,INGENIERÍA BIOLÓGICA,108085
051,INGENIERÍA BIOLÓGICA,16921
051,INGENIERÍA BIOLÓGICA,116558
052,INGENIERÍA DE CONTROL,16922
053,INGENIERÍA DE MINAS Y METALURGIA,118
054,INGENIERÍA DE PETRÓLEOS,119
055,INGENIERÍA DE SISTEMAS E INFORMÁTICA,16925
056,INGENIERÍA FÍSICA,16923
056,INGENIERÍA FÍSICA,16915
057,INGENIERÍA FORESTAL,124
058,INGENIERÍA GEOLÓGICA,126
059,TECNOLOGÍA FORESTAL,16918
060,ADMINISTRACIÓN DE SISTEMAS INFORMÁTICOS,16912
061,CONSTRUCCIÓN,16913
061,CONSTRUCCIÓN,128
062,GESTIÓN CULTURAL Y COMUNICATIVA,108084
062,GESTIÓN CULTURAL Y COMUNICATIVA,16914
063,INGENIERÍA ADMINISTRATIVA,125
048,INGENIERÍA AMBIENTAL,55189
048,INGENIERÍA AMBIENTAL,16905
065,PROGRAMA ESPECIAL,0
260,ECONOMÍA AGRÍCOLA,
261,MAESTRÍA EN PLANEACIÓN URBANA,
274,MAESTRÍA EN SILVICULTURA,
319,ESPECIALIZACIÓN EN SEMIÓTICA Y HERMENÉUTICA EN ARTE,
320,ESPECIALIZACIÓN EN INGENIERÍA DE MATERIALES Y PROCESOS,16934
350,ESPECIALIZACIÓN EN FRUTALES TROPICALES,106055
350,ESPECIALIZACIÓN EN FRUTALES TROPICALES,54579
352,ESPECIALIZACIÓN EN ERGONOMÍA,90702
353,MAESTRÍA EN INGENIERÍA AGROINDUSTRIAL,90700
307,ESP EN PATOLOGÍA DE LA EDIFICACIÓN Y TÉCNICAS DE INTERVENCIÓN Y PREVENCIÓN,52974
308,ESPECIALIZACIÓN EN INTERVENTORIA DE PROYECTOS Y OBRAS,52973
358,DOCTORADO EN ESTUDIOS AMAZÓNICOS,101581
361,ESPECIALIZACIÓN EN EDUCACIÓN SOCIAL Y ÁMBITOS ACADÉMICOS,101986
368,MAESTRÍA EN INGENIERÍA - INGENIERÍA DE PETRÓLEOS,102566
370,MAESTRÍA EN INGENIERÍA - SISTEMAS ENERGÉTICOS,102865
373,DOCTORADO EN CIENCIAS AGRARIAS,
376,ESPECIALIZACIÓN EN SALUD Y SEGURIDAD EN EL TRABAJO,106663
387,MAESTRÍA EN ADMINISTRACIÓN DE SISTEMAS INFORMÁTICOS,104507
391,DOCTORADO EN ESTUDIOS URBANOS Y TERRITORIALES,106345
398,MAESTRÍA EN ARCHIVÍSTICA,105299
399,DOCTORADO EN ONCOLOGÍA,106335
393,ESPECIALIZACIÓN EN INGENIERÍA GEOTECNIA,104512
394,ESPECIALIZACIÓN EN RECURSOS MINERALES,104510
395,ESPECIALIZACIÓN EN GESTIÓN DEL NEGOCIO MINERO,104509
396,ESPECIALIZACIÓN EN INGENIERÍA DE SOFTWARE,104508
397,ESPECIALIZACIÓN EN ANALÍTICA,104511
403,ESPECIALIZACIÓN EN ECO-EFICIENCIA INDUSTRIAL,106056
404,MAESTRÍA EN INMUNOLOGÍA,106340
139,ESPECIALIZACIÓN EN ESTUDIOS DEL CARIBE,52756
329,DOCTORADO EN ECOLOGÍA,
330,ESPECIALIZACIÓN EN GESTIÓN CULTURAL CON ÉNFASIS EN PLANEACIÓN Y POLÍTICAS C,55133
331,ESPECIALIZACIÓN EN DESARROLLO DE MARKETING CORPORATIVO,55029
332,ESPECIALIZACIÓN EN FINANZAS CORPORATIVAS,55030
245,ESPECIALIZACIÓN EN RIEGOS,16909
271,DOCTORADO EN INGENIERÍA - SISTEMAS,51669
272,DOCTORADO EN INGENIERÍA - RECURSOS HIDRÁULICOS,51670
406,ESPECIALIZACIÓN EN MÉTODOS ESTADÍSTICOS BÁSICOS,106337
407,ZOOTECNIA,16926
408,INGENIERÍA AGRÍCOLA,116
409,INGENIERÍA FORESTAL,124
410,MAESTRÍA EN BOSQUES Y CONSERVACIÓN AMBIENTAL,142
411,ESPECIALIZACIÓN EN NUTRICIÓN ANIMAL,21553
412,DOCTORADO EN ECOLOGÍA,55127
413,MAESTRÍA EN INGENIERÍA AGROINDUSTRIAL,90759
405,ESPECIALIZACIÓN EN FRUTALES TROPICALES,
414,MAESTRÍA EN INGENIERÍA FÍSICA,106955
415,MAESTRÍA EN GESTIÓN Y DESARROLLO RURAL,106958
415,MAESTRÍA EN GESTIÓN Y DESARROLLO RURAL,106339
419,DOCTORADO EN ADMINISTRACIÓN,107164
419,DOCTORADO EN ADMINISTRACIÓN,106342
418,CIENCIAS DE LA COMPUTACIÓN,106341
418,CIENCIAS DE LA COMPUTACIÓN,110177
418,CIENCIAS DE LA COMPUTACIÓN,107447
417,"ESPECIALIZACIÓN EN JUSTICIA, VÍCTIMAS Y CONSTRUCCIÓN DE PAZ",106338
ESP,ESPECIAL,0
CLE,COMPONENTE DE LIBRE ELECCIÓN,0
VIS,ESTUDIANTES QUE VIENEN DE OTRAS UNIVERSIDADES O INSTITUCIONES,
381,DOCTORADO EN AGROECOLOGÍA,55128
381,DOCTORADO EN AGROECOLOGÍA,55123
382,DOCTORADO EN CIENCIAS AGRARIAS,16887
382,DOCTORADO EN CIENCIAS AGRARIAS,51672
382,DOCTORADO EN CIENCIAS AGRARIAS,106667
383,ESPECIALIZACIÓN EN CULTIVOS PERNNES INDUSTRIALES,52730
384,ESPECIALIZACIÓN EN CIENCIA Y TECNOLOGÍA DE ALIMENTOS,79
384,ESPECIALIZACIÓN EN CIENCIA Y TECNOLOGÍA DE ALIMENTOS,2706
385,MAESTRÍA EN DISEÑO,103552
388,ESPECIALIDAD EN MEDICINA DEL DEPORTE,106336
389,ESPECIALIZACIÓN EN GOBIERNO ELECTRÓNICO,103554
401,MAESTRÍA EN CIENCIAS - MATEMÁTICAS,106665
401,MAESTRÍA EN CIENCIAS - MATEMÁTICAS,107
402,DOCTORADO EN CIENCIAS - MATEMÁTICAS,2604
402,DOCTORADO EN CIENCIAS - MATEMÁTICAS,106666
305,DOCTORADO EN GEOGRAFÍA,53273
349,DOCTORADO EN INGENIERÍA - INGENIERÍA MECÁNICA Y MECATRÓNICA,55187
349,DOCTORADO EN INGENIERÍA - INGENIERÍA MECÁNICA Y MECATRÓNICA,105137
023,MEDICINA VETERINARIA,2
031,ARQUITECTURA,4126
031,ARQUITECTURA,30
031,ARQUITECTURA,127
032,DISEÑO INDUSTRIAL,16903
032,DISEÑO INDUSTRIAL,5
040,INGENIERÍA AGRONÓMICA,3104
040,INGENIERÍA AGRONÓMICA,0
040,INGENIERÍA AGRONÓMICA,113
040,INGENIERÍA AGRONÓMICA,1
081,ESPECIALIZACIÓN EN DISEÑO DE MULTIMEDIA,16892
081,ESPECIALIZACIÓN EN DISEÑO DE MULTIMEDIA,21552
083,ESPECIALIZACIÓN EN INDUSTRIA Y TECNOLOGÍA,16897
112,ESPECIALIZACIÓN EN INGENIERÍA AMBIENTAL - ÁREA SANITARIA,77
112,ESPECIALIZACIÓN EN INGENIERÍA AMBIENTAL - ÁREA SANITARIA,4129
113,ESPECIALIZACIÓN EN INGENIERÍA ELÉCTRICA,105099
113,ESPECIALIZACIÓN EN INGENIERÍA ELÉCTRICA,76
135,ESPECIALIDAD EN ORTOPEDIA Y TRAUMATOLOGÍA,52
136,ESPECIALIDAD EN OTORRINOLARINGOLOGÍA,53
154,MAESTRÍA EN ARQUITECTURA,16888
154,MAESTRÍA EN ARQUITECTURA,55142
154,MAESTRÍA EN ARQUITECTURA,108135
164,MAESTRÍA EN CIENCIAS - GEOFÍSICA,19905
165,MAESTRÍA EN CIENCIAS - GEOLOGÍA,19902
202,ESPECIALIZACIÓN EN FILOSOFÍA POLÍTICA,21558
230,MAESTRÍA EN DISCAPACIDAD E INCLUSIÓN SOCIAL,19916
238,ESPECIALIZACIÓN EN CIENCIA Y TECNOLOGÍA COSMÉTICA,21561
266,ESPECIALIZACIÓN EN FILOSOFÍA DE LA MENTE,51680
267,ESPECIALIZACIÓN EN TEORÍA ÉTICA,51685
318,ESPECIALIZACIÓN EN MERCADOS Y POLÍTICAS DE SUELO EN AMÉRICA LATINA,53268
327,ESPECIALIZACIÓN EN DERECHOS HUMANOS Y DERECHO INTERNACIONAL HUMANITARIO,54578
343,DOCTORADO EN DERECHO,55125
348,DOCTORADO EN ANTROPOLOGÍA,55186
281,MAESTRÍA EN FÍSICA MÉDICA,52977
316,"ESPECIALIZACIÓN EN TRÁNSITO, DISEÑO Y SEGURIDAD VIAL",53266
347,MAESTRÍA EN ODONTOLOGÍA,55149
066,DOCTORADO EN BIOTECNOLOGÍA,52728
066,DOCTORADO EN BIOTECNOLOGÍA,55188
313,DOCTORADO EN CIENCIAS BIOMÉDICAS,52750
317,ESPECIALIZACIÓN EN OPERATORIA DENTAL ESTÉTICA,53265
321,ESPECIALIDAD EN CUIDADO INTENSIVO PEDIÁTRICO,53269
324,MAESTRÍA EN ESTUDIOS SOCIALES DE LA CIENCIA,55026
325,MAESTRÍA EN BIOCIENCIAS Y DERECHO,55137
D28,DOCTORADO EN ADMINISTRACIÓN (419),
150,ESPECIALIZACIÓN EN TRANSPORTES,74
156,MAESTRÍA EN INGENIERÍA - AUTOMATIZACIÓN INDUSTRIAL,103553
156,MAESTRÍA EN INGENIERÍA - AUTOMATIZACIÓN INDUSTRIAL,19911
156,MAESTRÍA EN INGENIERÍA - AUTOMATIZACIÓN INDUSTRIAL,19924
163,MAESTRÍA EN CIENCIAS - FÍSICA,105
163,MAESTRÍA EN CIENCIAS - FÍSICA,19889
163,MAESTRÍA EN CIENCIAS - FÍSICA,54035
170,MAESTRÍA EN DERECHO,19910
173,MAESTRÍA EN INGENIERÍA - ESTRUCTURAS,101
173,MAESTRÍA EN INGENIERÍA - ESTRUCTURAS,103555
173,MAESTRÍA EN INGENIERÍA - ESTRUCTURAS,106347
178,MAESTRÍA EN FISIOLOGÍA,19917
204,MAESTRÍA EN CIENCIAS - ASTRONOMÍA,19901
EXT,ALUMNOS DE OTRAS UNIVERSIDADES,0
323,MAESTRÍA EN TRABAJO SOCIAL,53271
286,MAESTRÍA EN INGENIERÍA BIOMÉDICA,52739
304,MAESTRÍA EN GEOGRAFÍA,53270
068,DOCTORADO EN CIENCIAS AGROPECUARIAS - ÁREA AGRARIA,51672
068,DOCTORADO EN CIENCIAS AGROPECUARIAS - ÁREA AGRARIA,19859
068,DOCTORADO EN CIENCIAS AGROPECUARIAS - ÁREA AGRARIA,16887
254,ESPECIALIDAD EN PERINATOLOGÍA Y NEONATOLOGÍA,19963
259,ESPECIALIZACIÓN EN EDUCACIÓN ARTÍSTICA INTEGRAL,51678
283,MAESTRÍA EN PEDAGOGÍA DEL PIANO,51687
049,INGENIERÍA INDUSTRIAL,4124
049,INGENIERÍA INDUSTRIAL,121
049,INGENIERÍA INDUSTRIAL,16940
001,FÍSICA,33
004,ADMINISTRACIÓN DE EMPRESAS,16902
004,ADMINISTRACIÓN DE EMPRESAS,4120
004,ADMINISTRACIÓN DE EMPRESAS,19
004,ADMINISTRACIÓN DE EMPRESAS,16911
297,MAESTRÍA EN MUSICOTERAPIA,52742
315,ESPECIALIZACIÓN EN DISEÑO Y DESARROLLO DE PRODUCTO,53263
360,MAESTRÍA EN CIENCIAS - BIOESTADÍSTICA,101799
367,MAESTRÍA EN BIOINFORMÁTICA,102404
440,MAESTRÍA EN SOBERANÍA Y SEGURIDAD ALIMENTARIA Y NUTRICIONAL,111762
441,ESPECIALIZACIÓN EN ARQUITECTURA LEGAL Y FORENSE,0
439,ESPECIALIZACIÓN EN NANOTECNOLOGÍA,111082
435,ESPECIALIZACIÓN EN LOGÍSTICA Y CADENAS DE ABASTECIMIENTO,108412
445,ESPECIALIZACIÓN EN GESTIÓN DE PROYECTOS DE INVERSIÓN PÚBLICA,116706
432,DOCTORADO EN ESTUDIOS AMBIENTALES,110738
432,DOCTORADO EN ESTUDIOS AMBIENTALES,110727
432,DOCTORADO EN ESTUDIOS AMBIENTALES,108145
433,ESPECIALIZACIÓN NANOTECNOLOGÍA APLICADA A LA INDUSTRIA DEL PETRÓLEO Y GAS,108146
434,ESPECIALIZACIÓN EN INTELIGENCIA ARTIFICIAL,108149
436,ESPECIALIZACIÓN EN ADMINISTRACIÓN DE JUSTICIA,110725
437,ESPECIALIZACIÓN EN INGENIERÍA CONTRA INCENCIOS Y EXPLOSIONES,110724
438,MAESTRÍA EN INGENIERÍA - INGENIERÍA DE BIOSISTEMAS,110726
442,ESPECIALIZACIÓN EN ENERGÍA SOLAR,116704
443,ESPECIALIZACIÓN EN PLANTACIONES Y RESTAURACIÓN FORESTAL,116687
444,ESPECIALIZACIÓN EN INTERCULTURALIDAD Y GESTIÓN TERRITORIAL DEL TURISMO,116706
428,DOCTORADO EN ESTÉTICA,107444
427,MAESTRÍA EN CIENCIAS NATURALES,116688
429,MAESTRÍA EN GESTIÓN CULTURAL,107165
430,"ESPECIALIZACIÓN EN TURISMO, AMBIENTE Y TERRITORIO",107166
431,ESPECIALIZACIÓN EN SISTEMAS DE INFORMACIÓN GEOGRÁFICA,107446